ID,Gender,Experience Level,Time Spent,OS,ISP,Age,Rating
3,Female,medium,,iOS,Xfinity,,0
27,Male,medium,71.97,Android,Cox,50,0
30,Female,medium,101.81,,Cox,49,1
40,Female,medium,86.37,Android,Xfinity,53,0
52,Female,medium,103.97,iOS,Xfinity,58,0
94,Male,,,Android,Cox,44,1
109,Female,medium,102.56,iOS,Cox,64,0
122,,,74.4,Android,Cox,64,0
126,Male,medium,86.03,iOS,Xfinity,67,0
143,Female,medium,99.63,iOS,Xfinity,63,0
145,,medium,96.79,iOS,Xfinity,,0
156,,medium,108.83,iOS,HughesNet,,0
172,Female,medium,94.45,,Cox,59,0
181,,medium,,Android,Xfinity,70,0
200,Female,,,iOS,,59,0
239,Male,medium,,Android,Cox,46,0
243,Male,medium,83.44,Android,Cox,,0
259,Female,,90.84,iOS,Xfinity,54,0
271,Male,,82.72,,Cox,45,0
275,Female,,,iOS,Xfinity,44,0
279,,low,118.51,iOS,Cox,68,0
285,,medium,,iOS,Cox,63,0
289,Female,,94.4,,AT&T,45,0
291,Female,medium,112.95,iOS,Cox,67,0
293,,,101.26,iOS,Xfinity,71,0
295,Male,medium,62.43,Android,Xfinity,49,0
297,Female,medium,,,Xfinity,74,0
316,Female,medium,,iOS,Cox,63,0
330,Female,medium,,iOS,Xfinity,49,0
341,Female,,88.87,iOS,Cox,68,0
344,Female,medium,,iOS,Xfinity,,0
396,Female,,92.77,iOS,Cox,,0
427,,medium,,,Cox,60,0
440,,medium,103.42,iOS,Xfinity,,1
444,Female,,100.94,iOS,Cox,42,0
448,,medium,71.98,Android,,73,0
457,,medium,87.45,iOS,Xfinity,62,0
463,Male,medium,75.37,Android,Cox,65,0
464,Female,medium,89.67,iOS,Cox,60,0
471,,medium,95.6,iOS,Cox,54,1
481,,medium,,Android,AT&T,48,0
488,Female,medium,95.3,iOS,Xfinity,70,0
498,Female,medium,99.61,iOS,Cox,,0
500,Female,,89.61,,Cox,46,0
504,Male,medium,66.42,Android,Cox,,1
511,Female,medium,,,,72,0
517,,medium,106.61,iOS,Xfinity,55,0
529,,medium,97,iOS,Xfinity,56,0
532,Female,medium,90.33,iOS,Xfinity,64,0
541,Female,medium,95.95,,Cox,,0
564,Male,medium,81.83,Android,Xfinity,53,0
572,Female,medium,96.25,iOS,Xfinity,65,0
580,Female,medium,93.56,,,51,0
595,Female,,93.29,iOS,,59,0
612,Female,,101.98,iOS,AT&T,49,0
613,Female,,91.59,iOS,Xfinity,,0
622,Female,medium,93.44,,Xfinity,51,0
635,Male,medium,87.52,iOS,Cox,36,0
646,,medium,66.63,Android,Cox,,0
648,Male,,86.84,Android,,60,0
653,Female,,,iOS,Cox,,0
658,Male,medium,79.85,Android,Cox,43,0
669,,,82.66,,,,0
672,Male,,83.18,Android,HughesNet,20,0
679,Female,medium,92.12,iOS,Cox,49,0
689,Male,,84.6,Android,,69,0
702,,medium,,iOS,Xfinity,58,0
722,Female,medium,91.64,iOS,Cox,50,0
731,Female,medium,101.34,iOS,Cox,73,0
740,Female,,105.25,iOS,Cox,60,1
741,Female,medium,101.16,iOS,,71,0
742,Female,medium,94.71,iOS,Cox,50,0
753,Female,medium,90.18,iOS,Cox,50,0
782,Male,medium,78.06,,,50,0
783,,medium,,iOS,Xfinity,,0
786,,medium,95.49,,,66,0
787,,medium,83.6,Android,Xfinity,56,0
811,Female,,114.48,iOS,Cox,,0
815,,,,,Cox,68,0
857,Male,medium,83.53,Android,Cox,,0
859,Female,medium,,iOS,Xfinity,50,0
860,Female,,98.42,,Xfinity,68,0
886,Female,medium,91.65,iOS,Cox,34,0
887,Male,medium,82.58,,,69,0
888,Male,medium,,Android,Cox,66,0
912,Male,medium,87.71,iOS,Xfinity,,0
920,,medium,93.9,,Cox,58,0
950,Female,medium,,iOS,,71,0
959,Female,medium,90.07,iOS,Cox,67,0
981,,medium,85.11,,,52,0
982,,medium,90.89,iOS,Cox,,0
988,Female,medium,91.29,iOS,Cox,55,0
996,Male,medium,72.17,Android,Xfinity,52,0
1011,,,,iOS,Cox,64,0
1012,Male,,80.86,Android,Cox,,0
1019,Female,,97.9,iOS,,69,0
1033,Male,medium,,iOS,HughesNet,61,0
1034,Female,medium,94.29,iOS,Cox,67,0
1035,Female,medium,92.23,iOS,Xfinity,58,0
1036,Female,medium,117,iOS,Xfinity,62,0
1040,Female,medium,98.4,iOS,Xfinity,63,0
1044,Male,medium,79.84,Android,Cox,58,0
1045,Female,medium,96.22,iOS,Xfinity,65,0
1052,Female,medium,,iOS,,,0
1057,Female,,89.87,iOS,AT&T,,0
1068,Female,medium,94.33,,Xfinity,69,0
1080,Female,medium,88.05,iOS,,62,1
1085,Male,medium,87.91,iOS,Cox,60,0
1094,Female,medium,97.64,iOS,Xfinity,72,0
1117,Female,medium,,iOS,Xfinity,55,0
1119,Female,medium,102.54,iOS,,65,0
1123,,medium,95.64,iOS,Cox,73,0
1125,Female,medium,96.8,,Cox,54,0
1130,Female,medium,94.13,iOS,AT&T,52,0
1133,Female,medium,92.04,iOS,Xfinity,29,0
1142,Female,medium,102.39,iOS,,51,0
1156,,medium,81.47,Android,Cox,41,0
1159,,medium,107.46,iOS,Cox,,0
1160,Female,medium,104.44,iOS,AT&T,59,0
1161,Female,medium,93.77,iOS,Xfinity,55,0
1166,Male,medium,,,HughesNet,21,0
1185,Male,medium,77.83,Android,Cox,,0
1187,Male,medium,78.42,Android,Xfinity,72,0
1196,Male,medium,81.36,Android,Xfinity,58,0
1201,Female,medium,106.43,,Xfinity,60,0
1223,Male,medium,85.44,,Cox,,0
1234,Female,medium,101.28,iOS,Cox,71,0
1239,Male,medium,74.06,Android,Cox,,0
1246,Female,medium,,iOS,,51,0
1249,Female,medium,92.72,iOS,Cox,47,0
1250,Female,medium,89.02,iOS,Xfinity,60,0
1286,Female,medium,105.3,,,53,0
1289,,medium,96.89,iOS,Xfinity,69,0
1310,Male,,84.82,,Cox,58,0
1313,Female,medium,101.38,iOS,Cox,57,1
1327,Female,,106.53,iOS,,,0
1331,Female,medium,,iOS,,54,0
1347,,medium,,iOS,Cox,,0
1357,Male,,82.36,,Xfinity,60,0
1375,,medium,93.39,,Cox,72,0
1378,Female,medium,96.03,iOS,Xfinity,,0
1391,Female,medium,96.3,iOS,HughesNet,44,0
1406,Female,medium,101.18,iOS,,72,0
1434,Female,low,,iOS,Cox,61,0
1435,Female,medium,104.51,iOS,Xfinity,,1
1436,Female,medium,,,,60,0
1439,Female,medium,87.81,iOS,Xfinity,72,0
1447,Female,medium,91.43,iOS,Xfinity,,0
1457,Male,medium,75.92,Android,,63,0
1470,Female,medium,90.23,iOS,HughesNet,66,0
1485,,medium,85.74,Android,Cox,61,0
1489,,medium,88.34,iOS,Xfinity,,0
1495,Female,medium,93.92,iOS,,64,0
1521,Female,medium,98.78,iOS,Xfinity,61,0
1536,Female,medium,89.91,iOS,Xfinity,55,0
1540,,,84.36,Android,Xfinity,39,0
1553,,medium,87.17,iOS,Xfinity,66,0
1557,Male,medium,,Android,Xfinity,,0
1561,,medium,,Android,,74,0
1572,Male,,85.59,Android,Xfinity,67,0
1579,,,80.4,Android,Cox,,0
1585,Male,medium,,Android,AT&T,,0
1596,Female,medium,,iOS,Cox,68,0
1612,Male,,85.27,Android,HughesNet,61,0
1634,,medium,,Android,HughesNet,50,0
1642,Female,medium,94.46,iOS,Cox,61,0
1659,Male,medium,86.35,iOS,Cox,70,0
1680,Female,medium,106.82,,,48,1
1689,,medium,89.72,iOS,,,0
1699,,,98.35,iOS,HughesNet,48,0
1725,Female,medium,91.33,iOS,,37,0
1732,,medium,,iOS,Cox,58,0
1738,Female,medium,96.91,iOS,Cox,69,0
1747,Female,medium,89.88,iOS,Xfinity,59,0
1767,Female,,100.23,iOS,Cox,63,0
1768,Male,medium,82.05,Android,,57,0
1772,,,91.49,iOS,,57,0
1816,Female,medium,90.67,iOS,Cox,61,0
1827,Male,medium,84.27,Android,Xfinity,49,0
1863,,medium,87.37,iOS,Xfinity,70,0
1874,,medium,100.06,iOS,AT&T,61,0
1882,Male,,86.53,iOS,AT&T,41,0
1914,Female,medium,101.86,,,,0
1957,Female,medium,100.46,,,65,0
1959,Female,medium,88.97,iOS,HughesNet,63,0
1972,Female,medium,99.77,iOS,Xfinity,,0
1973,,,94.47,iOS,HughesNet,63,0
2015,Male,medium,72.76,,,66,0
2022,,,,,Xfinity,68,0
2029,,,92.77,iOS,HughesNet,72,0
2032,Male,medium,81.79,,Cox,54,0
2054,Female,medium,104.16,iOS,Cox,70,0
2063,,medium,94.78,,AT&T,47,0
2080,Female,medium,95.54,iOS,,37,0
2081,Male,medium,80.82,Android,HughesNet,,0
2112,Female,medium,94.45,iOS,Cox,,0
2117,Female,medium,93.69,iOS,Cox,72,0
2124,Female,medium,,iOS,Cox,56,0
2145,Female,medium,92.07,iOS,Cox,,0
2153,Female,medium,89.76,iOS,Cox,37,1
2160,,medium,,iOS,Cox,,0
2170,Male,medium,,Android,,50,0
2172,Female,medium,,iOS,,51,0
2173,Female,medium,103.74,iOS,Xfinity,62,0
2188,,medium,78.71,Android,Xfinity,53,0
2189,Female,medium,87.69,iOS,Xfinity,,0
2209,Female,medium,91.52,iOS,Xfinity,73,0
2234,Female,,91.75,iOS,Cox,69,0
2243,Female,medium,,,Xfinity,25,0
2245,,medium,85.81,iOS,AT&T,54,0
2272,Male,medium,85.36,Android,,44,0
2288,Female,,101.48,iOS,HughesNet,60,0
2292,Female,medium,,iOS,Cox,,0
2294,Female,low,95.15,iOS,HughesNet,53,0
2313,Male,medium,81.58,Android,Xfinity,58,0
2317,Male,medium,71.47,Android,Cox,43,1
2339,Male,,77.79,Android,Cox,52,1
2341,Female,,93.06,iOS,Cox,67,0
2355,,medium,,iOS,Xfinity,,0
2363,Female,medium,93.39,,HughesNet,,0
2373,Male,medium,86.02,iOS,Cox,61,0
2374,Female,medium,97.6,iOS,Xfinity,57,0
2384,Female,medium,,iOS,,54,0
2394,,medium,91.87,,Xfinity,39,0
2401,Female,medium,88.15,iOS,Xfinity,67,0
2406,Female,medium,89.72,,Cox,64,0
2423,Female,medium,,,Cox,55,0
2429,Male,,87.29,iOS,,61,0
2433,,,,iOS,Cox,,0
2480,Female,medium,105.19,iOS,Cox,42,0
2501,Female,medium,95.54,iOS,Cox,68,0
2507,Female,,105.92,iOS,Cox,68,0
2532,,medium,98.47,iOS,Cox,51,0
2536,Male,medium,78.47,Android,Cox,66,0
2537,,medium,94.68,,,55,0
2539,Female,medium,99.81,iOS,,62,0
2557,,medium,,,Cox,34,0
2558,Female,medium,,,Cox,57,0
2575,Female,medium,,,Xfinity,67,0
2582,,medium,100.02,,,73,0
2585,Female,,88.04,,Xfinity,,0
2591,Female,,,,Cox,,0
2597,Female,medium,98.42,,Xfinity,41,0
2603,Female,,97.87,iOS,,62,0
2641,,medium,97.11,,Xfinity,69,0
2661,Female,medium,,iOS,,56,0
2662,,medium,97.41,iOS,Xfinity,64,0
2685,,medium,,iOS,HughesNet,22,0
2687,Male,medium,79.95,Android,,64,0
2688,Male,medium,78.8,Android,Xfinity,60,0
2691,Female,medium,100.77,iOS,Cox,,0
2704,Male,medium,78.46,Android,Cox,,0
2708,,medium,87.04,iOS,Xfinity,,0
2716,Female,medium,88.95,iOS,Cox,64,0
2718,Male,,83.86,Android,Xfinity,65,0
2724,Female,medium,89.13,iOS,Cox,54,0
2737,,medium,86.03,,Xfinity,65,0
2744,Female,medium,94.61,iOS,Cox,,0
2747,Female,medium,,iOS,Cox,58,0
2749,Female,medium,92.63,iOS,Xfinity,59,0
2768,,,103.13,iOS,Xfinity,62,0
2772,Female,medium,88.54,,Cox,72,0
2777,Female,medium,,iOS,Xfinity,,0
2784,,high,66.87,Android,Cox,61,0
2794,,medium,,iOS,Cox,51,0
2802,Female,medium,90.38,,Cox,67,1
2805,Female,medium,90.05,,Cox,53,0
2828,Male,medium,89.05,iOS,Cox,47,0
2851,Female,medium,110.68,iOS,Cox,62,0
2852,,medium,84.06,Android,Cox,46,0
2854,Male,medium,84.99,Android,Xfinity,54,0
2862,Female,medium,88.06,iOS,,65,0
2868,Female,,89.15,iOS,Xfinity,40,0
2880,Female,,116.82,,Xfinity,64,0
2888,Female,medium,98.99,iOS,,61,0
2901,Female,medium,,iOS,Cox,52,0
2905,Male,medium,81.6,Android,Xfinity,,0
2916,Female,,87.75,iOS,AT&T,49,0
2934,Female,,92.7,iOS,Xfinity,53,0
2958,Female,medium,106.59,iOS,Xfinity,,0
2960,Male,,,Android,Cox,65,0
2991,Female,medium,95.18,iOS,,51,0
2993,Male,medium,81.03,Android,Cox,50,0
2999,Female,medium,89.97,,Xfinity,51,0
3013,Female,medium,,iOS,Cox,,0
3032,Female,,,,,59,0
3039,Female,medium,,iOS,Xfinity,52,0
3040,Male,medium,84.85,iOS,Cox,43,0
3041,Female,,91.54,iOS,Cox,,0
3085,Female,medium,88.57,iOS,Xfinity,43,0
3102,,,93.66,iOS,Xfinity,62,0
3104,Female,medium,91.42,iOS,,57,0
3114,Female,,85.46,,Xfinity,64,0
3134,Male,,78.01,,,56,0
3136,Female,medium,,iOS,Cox,63,0
3141,Male,medium,84.17,iOS,,,0
3145,,medium,98.13,iOS,Cox,55,0
3183,Male,medium,,Android,Cox,66,0
3187,,medium,,iOS,Xfinity,69,0
3188,Male,medium,85.31,iOS,HughesNet,,0
3194,Female,,93.95,iOS,,62,0
3218,Female,medium,91.91,iOS,,68,0
3232,Female,medium,,iOS,Xfinity,45,0
3235,Female,medium,103.25,iOS,Xfinity,55,0
3247,,medium,93.38,iOS,Cox,,0
3270,Male,,83.63,Android,,,0
3274,,medium,81.42,Android,Cox,61,0
3277,,medium,89.91,,Cox,71,0
3291,Female,low,99.73,iOS,Cox,,0
3294,Female,medium,94.7,iOS,Cox,72,0
3307,Female,low,111.34,iOS,,57,0
3330,Female,medium,93.28,iOS,Cox,40,0
3342,Female,medium,97.69,iOS,,62,0
3359,Female,medium,109.56,iOS,,58,0
3360,Female,medium,97.2,iOS,Xfinity,65,0
3375,,medium,89.46,iOS,Cox,67,0
3376,,,,Android,Xfinity,69,0
3379,Female,medium,104.99,iOS,,69,0
3393,Male,medium,88.55,,Xfinity,70,0
3409,Female,,93,iOS,Cox,45,0
3419,Female,medium,105.33,iOS,AT&T,45,0
3430,Female,medium,87.18,iOS,HughesNet,62,0
3469,Female,medium,106.91,iOS,HughesNet,,0
3471,Female,medium,88.01,iOS,Cox,59,0
3474,Male,,87.43,iOS,Cox,68,0
3477,Female,medium,,iOS,Cox,62,0
3481,Female,medium,102.28,iOS,Xfinity,57,0
3504,Male,medium,,,Xfinity,,0
3508,,medium,96.07,iOS,Cox,68,0
3524,Male,medium,77.65,Android,Xfinity,43,0
3543,Female,medium,,iOS,,,0
3555,Male,,,iOS,Cox,,0
3569,Female,medium,91.39,iOS,,63,0
3573,Male,medium,,Android,Cox,,0
3580,,medium,99.79,iOS,Xfinity,54,0
3594,Male,medium,,Android,Cox,,0
3597,,medium,,Android,Xfinity,74,0
3606,Male,medium,78.53,Android,HughesNet,,0
3636,Female,medium,,,,69,0
3659,,medium,83.61,Android,Xfinity,67,0
3664,Male,medium,,Android,Cox,54,0
3712,Female,,86.94,Android,Xfinity,53,0
3734,Female,,89.89,iOS,Cox,63,0
3756,Female,medium,,,Cox,65,0
3761,Male,medium,,Android,Xfinity,55,0
3772,,medium,85.28,Android,HughesNet,71,0
3774,Male,medium,,,Cox,41,0
3779,Female,medium,102.7,iOS,Cox,65,0
3801,Female,medium,102.88,iOS,,56,0
3809,,medium,101.97,iOS,HughesNet,,0
3810,Male,,96.84,Android,Xfinity,50,1
3836,Female,low,102.23,Android,Cox,,1
3854,Female,,117.98,iOS,Xfinity,42,1
3871,Female,low,103.31,Android,Cox,53,1
3873,Female,,111.61,iOS,Cox,69,1
3879,Female,low,112.88,iOS,Xfinity,47,1
3883,,low,,,Xfinity,,1
3891,Female,low,108.52,iOS,Cox,60,1
3915,Female,low,131.32,iOS,Cox,58,1
3916,Female,low,,iOS,Cox,41,1
3960,Female,low,144.95,,HughesNet,68,1
3965,Female,,109.45,iOS,,72,1
3985,Female,low,114.52,,AT&T,74,1
3987,Female,low,99.75,iOS,AT&T,59,1
3994,Female,low,97.85,iOS,Xfinity,52,1
4004,Male,medium,,Android,Cox,64,1
4012,Male,medium,85.95,,Cox,56,1
4018,Female,medium,76.98,Android,Cox,46,1
4058,Female,low,109.6,,Cox,63,1
4077,Female,low,116.65,,Cox,52,1
4082,Female,low,121.78,iOS,Xfinity,,1
4084,Female,medium,104.86,iOS,Cox,52,1
4091,Female,low,123.05,iOS,Cox,53,1
4093,Female,medium,96.81,iOS,HughesNet,68,1
4110,Female,,,Android,,65,1
4162,,,101.97,,,69,1
4173,Female,medium,97.91,,,,1
4179,Female,medium,100.16,iOS,Cox,36,1
4185,Female,low,109.96,iOS,Xfinity,37,1
4192,Female,low,121.88,iOS,Xfinity,70,1
4200,Female,,108.43,iOS,Cox,48,1
4206,Female,low,110.79,iOS,Cox,32,1
4209,Female,low,107.36,iOS,Cox,66,1
4210,Female,,,iOS,Xfinity,57,1
4213,,low,109.82,iOS,Xfinity,75,1
4217,Female,low,102.93,Android,Cox,29,1
4254,Female,low,103.4,iOS,Cox,63,1
4255,Female,low,109.25,iOS,,,1
4265,,,100.95,,HughesNet,64,1
4266,Female,low,111.02,iOS,Xfinity,63,1
4279,,medium,,iOS,Xfinity,52,1
4282,,medium,83.23,Android,HughesNet,72,1
4283,Female,,104.32,iOS,Cox,45,1
4293,Female,low,106.11,iOS,,,1
4314,Female,,111.72,iOS,Cox,48,1
4334,Female,low,121.45,,Cox,54,1
4358,,low,104.08,iOS,Xfinity,,1
4362,Female,low,122.86,iOS,,26,1
4365,Female,,117.72,iOS,Cox,45,1
4368,,low,113.8,iOS,Cox,63,1
4371,Female,low,,iOS,Cox,72,1
4374,Male,,,Android,Cox,63,1
4382,,low,103.67,,,48,1
4394,Female,low,,iOS,,56,1
4397,,,98.5,Android,Xfinity,68,1
4403,,medium,96.18,Android,Cox,74,1
4412,Female,low,111.22,,,45,1
4416,Female,low,102.41,iOS,,68,1
4448,Female,low,109.98,iOS,Cox,69,1
4451,Male,medium,87.52,Android,Cox,,1
4464,Female,,114.98,,Cox,46,1
4469,Female,medium,95.93,iOS,Xfinity,58,1
4471,,low,100.91,iOS,Cox,56,1
4479,Female,low,113.73,iOS,,73,1
4492,,low,129.98,,Xfinity,62,0
4500,Male,medium,79.53,Android,Cox,,1
4506,Female,low,112.95,,Cox,65,1
4533,Female,low,107.86,iOS,,69,1
4534,,low,101.26,Android,,66,1
4536,,,110.98,iOS,Xfinity,,1
4552,Female,low,103.09,iOS,Cox,61,1
4555,Female,,127.3,iOS,Xfinity,54,1
4567,Female,low,112.64,iOS,Cox,67,1
4571,Female,low,107.6,iOS,Cox,67,1
4588,Female,medium,101.67,iOS,Cox,68,1
4608,Female,low,110.58,iOS,Cox,66,1
4617,Male,medium,86.84,Android,Xfinity,38,1
4624,,medium,83.83,Android,,68,0
4648,Female,medium,92.48,Android,Cox,68,1
4673,Female,low,,Android,Cox,40,1
4688,Female,,100.3,iOS,Cox,56,1
4689,Female,low,127.93,iOS,Cox,40,1
4699,Female,medium,93.44,iOS,Cox,72,1
4724,Female,low,115.68,iOS,Cox,73,1
4725,Male,medium,71.67,Android,Cox,61,1
4736,Female,medium,95.35,iOS,Cox,44,1
4744,Male,,95.18,,Xfinity,64,1
4745,Female,,117.09,iOS,Xfinity,,1
4769,Male,medium,79.56,Android,Cox,,1
4775,Female,low,109.22,iOS,AT&T,,1
4785,Female,low,112.47,iOS,HughesNet,58,1
4786,Female,,113.06,iOS,HughesNet,,1
4799,Female,low,124.88,iOS,Cox,64,1
4803,Female,medium,98.75,iOS,Cox,65,1
4810,Female,low,118.69,,Cox,,1
4813,,,106.06,iOS,,70,1
4826,Female,,103.05,iOS,Cox,39,1
4830,Female,medium,88.03,,,61,1
4838,Female,low,,iOS,Cox,,1
4844,Female,low,112.68,iOS,HughesNet,,1
4857,Male,medium,99.07,Android,Cox,51,1
4873,Female,medium,93.89,iOS,Cox,65,1
4875,Female,low,109.57,,Xfinity,66,1
4884,Female,low,111.9,iOS,Cox,,1
4889,,medium,100.71,iOS,Cox,69,1
4892,Female,low,121.49,iOS,Cox,64,1
4911,,low,122.49,iOS,,54,1
4919,Female,,,iOS,,61,1
4926,Female,low,,iOS,Xfinity,45,1
4931,Female,low,125.28,,Xfinity,70,1
4937,Female,medium,96.31,iOS,Xfinity,64,1
4944,Female,low,112.23,iOS,,56,1
4954,Female,low,102.49,iOS,,72,1
4959,Female,low,100.67,iOS,,68,1
4960,,low,114.05,iOS,Cox,64,1
4988,Female,,119.85,iOS,Cox,69,1
4989,,low,117.47,iOS,Xfinity,60,1
4998,Female,,97.67,,HughesNet,59,1
4999,Female,low,118.6,iOS,Cox,47,1
5000,Female,low,104.57,,Cox,64,1
5003,Female,low,,iOS,,53,1
5004,Female,low,,iOS,Cox,61,1
5007,,low,105.05,iOS,,55,1
5022,Female,medium,87.91,,Cox,42,1
5035,Female,low,,iOS,Cox,63,1
5044,Female,low,114.77,iOS,Cox,55,1
5045,Female,low,118.03,iOS,Cox,68,1
5086,Female,low,108.79,,Cox,,1
5103,,low,114.36,iOS,,61,1
5107,Female,,82.07,Android,Cox,68,1
5124,Female,,,,Cox,51,1
5128,,low,104.44,iOS,Xfinity,,1
5138,Female,medium,,Android,Cox,63,1
5139,Female,low,121.63,iOS,Xfinity,63,1
5140,Female,low,106.95,iOS,Cox,68,1
5147,Female,low,98,Android,Cox,65,1
5158,Female,medium,102.21,,Xfinity,45,1
5163,Female,low,,,Xfinity,60,1
5166,,low,120,,Xfinity,38,1
5168,Female,,102.41,iOS,Xfinity,47,1
5177,Male,medium,85.89,Android,Cox,,1
5181,Female,low,131.6,iOS,Cox,60,1
5187,Female,,89.69,iOS,Cox,64,1
5193,,,130.47,iOS,Xfinity,73,1
5198,Female,low,116.04,iOS,Xfinity,,1
5209,,low,101.62,iOS,HughesNet,40,1
5225,Female,low,100.09,iOS,Xfinity,44,1
5235,,low,104.04,iOS,Xfinity,35,1
5260,,low,103.8,iOS,,63,1
5279,Female,,91.58,Android,Cox,43,1
5295,Male,high,76.58,Android,Cox,65,0
5300,Male,medium,99.24,Android,Xfinity,55,0
5303,,medium,,Android,Xfinity,71,0
5315,Female,medium,83.93,iOS,Cox,73,0
5329,,medium,84.85,Android,Xfinity,55,0
5335,Male,,92.3,,,68,0
5342,Male,low,,Android,Cox,54,0
5349,,medium,95.79,Android,Xfinity,49,0
5362,Male,,98.29,Android,Cox,68,0
5383,Male,medium,90.6,Android,Cox,57,0
5412,Male,medium,97.74,Android,Cox,57,0
5416,Female,medium,85.5,,Xfinity,51,0
5424,,medium,97.82,Android,Cox,42,0
5426,Male,medium,,,Cox,67,0
5433,Male,medium,,Android,Cox,48,0
5435,Male,medium,89.94,Android,Cox,65,1
5454,Male,medium,88.72,iOS,Xfinity,,0
5464,,medium,90.21,iOS,Cox,53,0
5468,Female,high,75.84,iOS,HughesNet,67,0
5476,Male,medium,93.31,iOS,,56,0
5480,Female,medium,80.41,iOS,Cox,33,0
5483,Male,low,103.52,Android,Cox,,0
5493,Male,medium,105.38,Android,Cox,65,0
5495,Male,medium,92.38,Android,Xfinity,60,0
5502,Female,medium,,iOS,Xfinity,51,0
5503,Male,high,,,Xfinity,64,0
5511,Male,,102.75,Android,AT&T,31,0
5528,Male,medium,84.14,iOS,Cox,74,0
5555,Male,medium,87.54,iOS,Xfinity,44,0
5564,Male,medium,93.54,iOS,Xfinity,66,0
5566,Male,medium,,Android,Xfinity,,0
5569,Female,high,,,,47,0
5575,,,,Android,Xfinity,74,0
5598,,medium,84.93,Android,Cox,68,0
5601,,medium,84.89,Android,Cox,64,0
5613,Male,low,,Android,Xfinity,38,0
5615,Male,,97.21,Android,,68,0
5617,Male,,99.01,Android,,,0
5653,Male,medium,92.62,Android,,60,0
5658,,,94.17,,,42,0
5659,Male,medium,96.6,iOS,Xfinity,,0
5670,,medium,93.73,iOS,Xfinity,51,0
5671,Female,medium,92.96,iOS,HughesNet,60,1
5672,Male,,85.16,Android,Xfinity,62,0
5673,Male,medium,90.77,Android,,72,0
5676,Male,medium,,Android,Cox,,0
5697,,medium,88.19,Android,Cox,58,0
5698,Female,,80.64,iOS,,,0
5708,Male,medium,93.76,Android,,,0
5716,Male,medium,87.4,,Xfinity,51,0
5726,Female,,88.74,iOS,Xfinity,,0
5727,,medium,,iOS,Cox,60,0
5775,Female,medium,,iOS,Cox,36,0
5779,Male,low,,Android,Cox,74,0
5782,Male,,,Android,,40,0
5797,,high,74.35,iOS,Xfinity,62,0
5810,Male,low,97.9,,,57,0
5815,Male,medium,94.94,,Cox,65,0
5817,,low,,Android,Xfinity,46,0
5820,Male,medium,74.92,Android,,42,0
5823,,,100.52,Android,Xfinity,59,0
5842,,medium,85.33,,,62,0
5861,Male,,107.58,Android,Xfinity,53,0
5870,Male,,104.95,iOS,,60,0
5881,,medium,83.73,Android,Cox,,0
5892,,,100.69,Android,Cox,70,0
5899,Male,medium,93.08,Android,Cox,67,0
5914,Male,medium,92.54,Android,Cox,54,0
5918,Male,medium,84.84,Android,,,0
5923,Male,medium,,,,64,0
5945,Male,medium,103.66,,Cox,70,0
5950,Male,medium,93.95,Android,AT&T,33,0
5962,Male,,79.94,Android,Cox,54,0
5973,Female,medium,89.17,iOS,Cox,42,0
5981,Male,medium,102.82,,Cox,36,0
6006,Male,medium,91.35,Android,Cox,56,0
6027,,,95.29,Android,Xfinity,,0
6036,Female,medium,,iOS,Xfinity,,0
6040,Female,medium,85.56,iOS,Xfinity,68,1
6047,Male,medium,93.87,iOS,HughesNet,63,0
6052,,,100.82,Android,Xfinity,47,0
6054,Male,medium,97.55,Android,Xfinity,70,0
6068,Male,medium,96.02,iOS,HughesNet,,0
6085,Male,,83.98,Android,Xfinity,46,0
6089,Male,medium,101.43,Android,Xfinity,58,0
6091,Female,medium,110.61,iOS,Cox,,0
6092,,medium,89.18,iOS,Cox,67,0
6095,Male,medium,,iOS,Cox,,0
6100,,,89.5,,Xfinity,45,0
6109,Female,high,82.21,iOS,Cox,46,0
6111,Male,medium,78.68,iOS,Xfinity,,0
6143,Male,medium,77.32,Android,,57,0
6149,Male,medium,98.62,Android,Cox,73,0
6151,Male,medium,82.8,Android,Cox,54,0
6153,Female,high,90.67,iOS,Cox,71,0
6156,,medium,79.83,Android,Cox,68,0
6170,Male,medium,91.84,iOS,Cox,56,0
6173,Male,high,79.06,iOS,,48,0
6177,Female,low,109.81,iOS,,,0
6182,Male,medium,89.95,iOS,Xfinity,68,0
6189,,medium,,Android,AT&T,,0
6204,,medium,92.65,Android,Cox,60,0
6209,Female,medium,98.48,,Xfinity,62,0
6215,Male,,97.13,Android,Xfinity,54,0
6221,Male,medium,,iOS,Xfinity,51,0
6222,Female,medium,92.27,iOS,Cox,68,0
6224,Male,medium,95.37,Android,Xfinity,64,0
6234,Female,,86.2,iOS,HughesNet,72,0
6244,Female,,94.01,iOS,Xfinity,69,0
6245,Female,high,76.78,iOS,Xfinity,68,0
6298,Male,medium,85.95,iOS,,65,0
6305,Male,low,99.73,Android,,,0
6317,Female,medium,80.29,,Cox,59,0
6327,,,95.1,Android,Cox,63,0
6354,Male,,104.19,iOS,Cox,58,0
6361,,medium,97.67,Android,Cox,64,0
6370,Male,,88.21,iOS,Cox,28,0
6404,Female,high,78.9,iOS,Cox,41,0
6405,Male,medium,85.82,Android,Xfinity,68,0
6413,Female,,91.2,iOS,Cox,59,0
6416,Female,,90.61,iOS,Cox,57,0
6418,Female,medium,,,Cox,60,0
6425,Male,medium,80.61,Android,Xfinity,68,0
6441,Female,medium,76.95,iOS,,56,0
6444,Male,medium,,Android,Cox,18,0
6456,Male,,97.3,,Xfinity,62,0
6464,Female,medium,87.92,iOS,Cox,61,0
6471,Male,low,100.94,Android,Xfinity,72,0
6475,,medium,88.68,Android,Xfinity,43,0
6494,Male,medium,92.72,Android,HughesNet,58,0
6498,Male,medium,90.73,Android,Cox,27,0
6526,Female,medium,,,,68,0
6554,Male,medium,98.25,Android,Xfinity,64,0
6561,Female,medium,88.04,,Cox,70,0
6578,Male,medium,,Android,Xfinity,68,0
6579,Male,medium,93.16,Android,Cox,60,0
6602,Male,medium,,Android,Cox,67,0
6625,Female,medium,91.9,,Cox,50,1
6643,Male,low,95.81,Android,Cox,60,0
6649,Male,medium,85.21,iOS,Cox,54,0
6659,Male,medium,,Android,,70,0
6672,Male,low,87.74,,Xfinity,41,0
6687,Male,low,114.19,Android,,53,0
6689,Male,medium,88.47,Android,Cox,67,0
6691,Male,medium,101.54,Android,Cox,,0
6694,Male,medium,,iOS,Cox,61,0
6707,Male,medium,94.7,Android,,51,0
6721,Male,medium,87.53,,Cox,56,0
6731,Male,medium,95,Android,Cox,,0
6734,,medium,91.52,iOS,Cox,50,0
6737,Male,medium,83.89,iOS,Cox,52,0
6739,Male,medium,86.88,,Xfinity,54,0
6743,Female,medium,89.54,iOS,Cox,41,0
6760,,medium,,Android,Xfinity,,0
6769,Male,,89.2,,,39,0
6788,Male,medium,87.37,Android,,,0
6799,Female,medium,96.35,,Cox,62,0
6810,Female,high,82.61,,Cox,,0
6819,Female,medium,88.12,,Xfinity,,0
6821,Male,high,79.3,iOS,Cox,58,0
6828,Female,,91.61,iOS,Xfinity,67,0
6839,Male,medium,89.75,Android,HughesNet,57,0
6840,Male,,99.59,,,52,0
6864,Female,medium,98.02,iOS,Xfinity,54,0
6867,Male,medium,,Android,,56,0
6873,Female,high,84.7,,Cox,39,0
6889,Female,medium,87.97,,Cox,28,1
6900,,,91.34,,Cox,68,0
6909,,medium,94.69,iOS,HughesNet,62,0
6914,Male,low,98.45,,HughesNet,,0
6916,,medium,,,Xfinity,53,0
6919,Male,,93.62,Android,Cox,44,0
6936,Male,medium,95.14,Android,Xfinity,66,0
6943,,medium,99.53,iOS,Cox,,0
6946,Male,medium,95.51,,Xfinity,48,0
6949,Male,medium,94.43,Android,Cox,66,0
6959,Male,low,102.76,Android,Cox,50,0
6984,Male,medium,85.8,Android,Cox,,0
6986,Male,medium,,iOS,Xfinity,,0
6997,,medium,87.47,iOS,Xfinity,65,0
7016,Male,medium,94.12,Android,Cox,71,0
7027,Male,medium,97.97,iOS,Cox,65,0
7046,Female,,83.31,iOS,Xfinity,59,0
7060,Female,high,95.43,iOS,Cox,55,0
7064,Female,medium,92,iOS,HughesNet,,0
7066,Male,low,96.98,Android,Cox,52,0
7086,Male,medium,98.53,Android,,42,0
7090,Male,medium,97.97,Android,Cox,69,0
7097,Female,,100.47,iOS,Cox,73,0
7106,Female,medium,77.75,iOS,Xfinity,62,0
7119,Female,medium,95.38,iOS,Cox,69,0
7122,Male,medium,83.7,,HughesNet,66,0
7128,Male,medium,,,Cox,,0
7133,Male,medium,90.72,Android,HughesNet,58,0
7139,,medium,96.03,,Cox,71,0
7144,,medium,90.75,,Cox,64,0
7165,Male,low,94.93,,,45,0
7174,Female,high,81.4,iOS,Xfinity,70,0
7196,Female,medium,91.62,,Cox,53,0
7202,Female,medium,,iOS,Cox,,0
7213,Male,,,Android,Xfinity,,0
7218,Male,low,93.45,Android,Cox,19,0
7220,Male,medium,,iOS,Xfinity,59,0
7234,Male,medium,,,Cox,,0
7241,,,89.1,iOS,AT&T,57,0
7245,Male,medium,88.45,,Xfinity,,0
7247,Male,medium,87.29,Android,Xfinity,38,0
7270,Male,medium,,iOS,Xfinity,55,0
7278,Male,medium,98.37,iOS,,61,0
7291,Male,low,106.08,,Cox,71,0
7295,Male,,95.44,,Cox,,0
7300,,medium,91.68,iOS,HughesNet,71,0
7301,Male,,85.73,Android,Xfinity,72,0
7305,,,93.77,Android,Xfinity,60,0
7312,Male,,88.14,Android,Cox,57,0
7318,,medium,90.96,Android,HughesNet,,0
7325,Male,medium,93.68,,Xfinity,55,0
7341,Male,medium,96.92,,Xfinity,,0
7358,,medium,95.54,,Cox,69,0
7365,Female,medium,91.9,iOS,Cox,64,0
7383,Male,medium,92.48,Android,Xfinity,,0
7391,Male,medium,91.57,,Xfinity,58,0
7404,,medium,93.14,Android,Xfinity,,0
7410,Female,high,,iOS,Xfinity,,0
7421,Male,,88.82,iOS,Cox,64,0
7428,Male,,98.24,Android,Cox,43,0
7440,Female,high,73.73,iOS,Cox,63,0
7442,,medium,82.31,iOS,Cox,59,0
7443,Male,medium,,iOS,Xfinity,,0
7449,,medium,95.3,iOS,Xfinity,57,0
7462,Male,medium,94.37,Android,Cox,,0
7466,Female,medium,86.41,,Cox,,0
7476,Female,high,79.48,iOS,HughesNet,47,1
7485,Male,,93.76,Android,Xfinity,54,0
7494,Male,medium,90.86,,Cox,48,0
7504,Male,medium,86.55,,Xfinity,71,0
7519,,medium,80.79,Android,Cox,,0
7529,Male,,77.34,Android,Xfinity,67,0
7550,Male,medium,,Android,Cox,65,0
7589,Female,medium,88.76,iOS,,57,0
7594,Male,,,,Cox,58,0
7610,Female,medium,86.74,,,,0
7629,Male,medium,84.82,Android,Cox,54,0
7633,Male,low,100.33,Android,Xfinity,69,0
7665,,medium,,,Xfinity,,0
7668,,medium,,iOS,Cox,63,0
7669,Female,,,iOS,Cox,58,0
7679,Male,high,,iOS,Cox,62,0
7681,Female,medium,101.8,iOS,,67,0
7689,Male,medium,90.99,Android,Cox,74,0
7694,,medium,92.92,Android,,56,0
7714,Male,,95.2,,Xfinity,70,0
7719,Male,medium,100.58,Android,HughesNet,56,0
7733,,medium,97.93,Android,,65,0
7740,Male,low,95.63,Android,Cox,68,0
7746,Male,medium,101.7,Android,Xfinity,65,0
7748,Male,medium,,Android,,51,0
7773,Male,medium,90.22,Android,Xfinity,60,0
7785,Male,medium,94.81,Android,Cox,,0
7795,,low,,Android,Xfinity,65,1
7797,,,91.71,Android,AT&T,,0
7799,,high,77.18,iOS,Cox,68,0
7822,Female,medium,,iOS,Cox,67,0
7830,Male,medium,,Android,Cox,,0
7831,Male,medium,94.3,Android,Cox,,0
7857,Male,medium,108.61,Android,,,0
7867,Male,low,99.51,Android,Cox,62,0
7881,Female,high,81.4,iOS,,55,0
7882,,medium,94.56,Android,Xfinity,,0
7884,Male,medium,87.29,Android,Cox,44,0
7895,Male,medium,87.48,Android,,,0
7933,Female,medium,89.64,iOS,Cox,55,0
7943,Male,,96.58,Android,Cox,,1
7949,Male,medium,81.28,Android,Cox,65,0
7953,,medium,83.98,iOS,HughesNet,,0
7955,Male,high,,Android,Cox,,0
7965,Male,medium,87.47,,HughesNet,70,0
7974,Male,medium,89.32,Android,,60,0
7997,Female,medium,82.84,,Cox,64,0
8003,Male,low,98.01,,Cox,60,0
8017,,medium,87.09,iOS,,73,0
8027,Male,medium,95.52,Android,HughesNet,64,0
8032,Male,medium,,Android,,68,0
8036,,,90.56,,HughesNet,42,0
8073,,medium,92.65,iOS,,52,0
8086,Male,medium,96.39,Android,Xfinity,63,0
8089,Male,,98.26,,Cox,,0
8090,Male,medium,89.34,,Cox,,0
8124,,medium,95.77,iOS,Xfinity,,0
8135,Male,medium,82.06,,,54,0
8139,,medium,87.15,iOS,Cox,63,0
8182,,,97.57,Android,Cox,68,1
8184,Male,medium,71.87,,AT&T,59,0
8185,Male,medium,99.02,Android,Cox,33,0
8187,Male,medium,89.8,Android,Xfinity,,0
8200,Female,medium,98.37,iOS,Xfinity,58,0
8206,Male,medium,100.41,,Cox,23,0
8209,Female,medium,87.33,,Xfinity,67,0
8221,,medium,,iOS,Xfinity,62,0
8222,Female,medium,,iOS,Cox,45,0
8228,Female,,,,,44,0
8242,Male,,97.35,,Cox,44,0
8243,Female,medium,90.53,iOS,AT&T,,0
8263,,medium,85.79,Android,HughesNet,,0
8273,Male,medium,,,Xfinity,67,0
8295,Female,,89.77,iOS,HughesNet,65,0
8297,Male,medium,,iOS,Cox,48,0
8302,,,,Android,,72,0
8304,Male,low,,Android,Xfinity,,0
8324,Male,,91.22,Android,,,0
8329,Male,,,Android,Xfinity,53,0
8330,Male,low,99.79,,Cox,63,0
8342,,medium,98.49,Android,Cox,54,0
8360,Male,,103.01,Android,Xfinity,65,0
8399,Female,medium,93.99,iOS,Xfinity,60,0
8402,Male,medium,,Android,Xfinity,,0
8407,Male,medium,93.05,iOS,,63,0
8426,,medium,92.28,iOS,,,0
8438,Male,medium,99.77,Android,,46,0
8442,Male,medium,92.17,,Cox,55,0
8448,,medium,84.2,Android,Cox,68,0
8479,Male,medium,79.63,Android,Xfinity,,0
8482,,,95.03,Android,,63,0
8489,Male,medium,80.47,Android,Xfinity,54,0
8493,Male,,91.09,,Cox,42,0
8494,,low,93.63,Android,Cox,72,0
8495,Male,,100.07,Android,Cox,65,0
8496,Male,high,74.28,Android,Xfinity,70,0
8501,Male,,82.59,Android,,46,0
8503,Male,medium,,Android,HughesNet,65,0
8504,Female,medium,93.57,,Xfinity,48,0
8506,Male,,94.15,iOS,Cox,45,0
8509,Male,,,,Xfinity,,0
8510,Male,medium,,,HughesNet,56,0
8540,Male,medium,,Android,Cox,,0
8555,,medium,83.43,Android,Xfinity,55,0
8556,Male,,,,Cox,72,0
8559,,,,,Cox,61,0
8565,Male,medium,92.06,Android,Cox,66,0
8570,Male,medium,94.52,,Xfinity,55,0
8590,,,89.35,Android,Cox,63,0
8599,Male,,85.15,Android,Xfinity,,0
8613,,medium,89.47,Android,Cox,,0
8614,Male,,96.55,Android,HughesNet,61,0
8638,,medium,86.47,,Xfinity,57,0
8642,,medium,91.41,,,61,0
8643,Male,medium,109.83,,,67,0
8660,Male,,,Android,Xfinity,46,0
8668,Male,,104.82,,,51,0
8678,,medium,,Android,,52,0
8679,Female,low,84.07,,Xfinity,21,1
8680,Female,,93.11,,Cox,58,1
8685,,low,87.9,Android,,69,1
8686,,,72.06,Android,,64,1
8693,Male,low,78.87,Android,Xfinity,56,1
8706,Female,medium,98.93,iOS,Cox,43,1
8721,Female,medium,100.35,iOS,,51,1
8726,Female,,98.69,Android,Cox,68,1
8748,Female,,93.77,iOS,AT&T,,1
8749,Male,low,,Android,Xfinity,37,1
8754,Female,,102.4,iOS,Cox,38,1
8766,Female,medium,99.89,iOS,Cox,60,1
8783,Female,low,,,Xfinity,47,1
8789,,low,73.6,Android,Cox,56,1
8801,Male,low,,Android,Xfinity,63,1
8806,Male,,,Android,Cox,56,1
8824,Female,low,95.73,Android,Cox,62,1
8833,Female,medium,90.4,,HughesNet,49,1
8855,,low,93.6,iOS,Xfinity,,1
8857,Female,low,84.46,Android,,,1
8865,Female,medium,95.88,iOS,Xfinity,68,1
8875,Female,medium,116.27,iOS,,64,1
8888,Male,low,72.59,Android,Cox,59,1
8905,Male,low,90.91,Android,Xfinity,67,1
8910,Male,,,Android,Cox,66,1
8916,Female,medium,,iOS,HughesNet,49,1
8932,,,88.53,Android,Cox,54,1
8946,Female,low,93.32,Android,,67,1
8951,Female,low,,,,52,1
8971,Male,low,69.68,,Cox,55,1
8979,,low,101.68,,Xfinity,,1
8982,Female,medium,97.95,,,67,1
8995,Female,medium,,iOS,,,1
9009,Female,low,,Android,Xfinity,54,1
9036,Male,,79.41,Android,,,1
9066,Male,low,,Android,,50,1
9097,Female,medium,118.68,,,67,1
9099,Female,low,101.42,Android,,71,1
9100,Male,low,79.57,Android,Cox,,1
9101,Male,low,,Android,Xfinity,61,1
9116,Female,low,,,Xfinity,67,1
9131,,,,Android,Cox,68,1
9135,Male,low,72.78,Android,Cox,71,1
9137,Male,low,81.44,Android,Cox,69,1
9177,Female,,86.77,Android,Cox,57,1
9178,,,77.19,,Cox,,1
9182,Male,low,86.82,Android,Cox,69,1
9192,Male,,75.53,Android,,,1
9197,Female,medium,116.58,iOS,Xfinity,55,1
9203,Female,low,77.16,Android,Cox,49,1
9213,Male,,85.17,Android,,52,1
9216,Female,low,88.34,Android,Xfinity,60,1
9221,Female,,111.99,iOS,Cox,57,1
9225,Female,medium,116.15,iOS,Cox,64,1
9234,Female,medium,,iOS,,70,0
9243,Female,medium,101.7,iOS,,50,1
9256,Female,medium,102.07,iOS,Cox,64,1
9276,Female,,93.81,,Cox,68,1
9286,Female,,99.34,iOS,Cox,60,1
9305,Female,medium,,iOS,Cox,74,0
9306,Female,low,93.79,iOS,Cox,36,1
9311,Female,,84.33,,,72,1
9317,Female,low,100.07,iOS,Cox,63,1
9336,Female,medium,96.88,iOS,Cox,51,1
9338,Female,low,85.71,,Cox,58,1
9356,Male,low,82.23,Android,Xfinity,62,1
9371,Female,,,Android,HughesNet,59,1
9385,Male,low,79.78,Android,Cox,63,1
9394,,medium,114.84,iOS,Cox,61,0
9411,Female,medium,,iOS,Cox,55,1
9412,Female,low,86.58,Android,Cox,,1
9432,Female,medium,102.9,,Cox,,1
9433,Female,low,86.17,Android,Xfinity,,1
9438,Female,,90.71,Android,,,1
9440,,medium,97.97,iOS,Xfinity,52,1
9442,Male,low,,Android,Cox,74,1
9449,,low,95.11,Android,Cox,49,1
9453,Female,,87.73,Android,Xfinity,72,1
9465,Female,medium,99.9,iOS,Cox,72,1
9472,Male,low,,Android,Cox,54,1
9481,Female,medium,101.16,iOS,Cox,,1
9486,Female,,107.78,iOS,Xfinity,67,1
9490,,low,90.73,Android,Cox,54,1
9492,Female,low,97,iOS,Cox,48,1
9495,Female,low,,Android,Xfinity,62,1
9499,Female,medium,,,Cox,62,1
9503,Female,,90.3,iOS,Cox,,1
9509,Female,low,92.39,,Cox,68,1
9517,Male,low,83.35,Android,Xfinity,63,1
9528,Female,medium,92.92,iOS,,45,1
9539,Female,low,83.09,Android,Xfinity,,1
9544,Female,low,95.12,iOS,Cox,66,1
9549,Female,medium,118.19,,,58,1
9550,Male,low,82.55,Android,Cox,,1
9552,Female,medium,,,Cox,55,1
9576,,,79.22,Android,Xfinity,58,1
9584,Female,,102.76,iOS,Cox,63,1
9585,Female,,97.34,Android,Cox,70,1
9588,Female,low,,Android,Xfinity,29,1
9598,Female,medium,,iOS,Xfinity,,1
9606,Female,medium,103.4,,Cox,44,1
9615,Female,low,,,,61,1
9620,Female,medium,107.94,,Cox,67,1
9625,Female,low,101.48,Android,Xfinity,64,1
9626,Female,medium,,,Cox,60,0
9627,Female,low,,Android,Cox,69,1
9634,Male,,69.2,,HughesNet,,1
9653,Female,low,,,HughesNet,66,1
9656,Male,low,71.32,Android,Xfinity,59,1
9663,,,85.32,Android,,69,1
9679,Male,low,79.23,Android,,62,1
9690,Male,low,91.74,Android,,68,1
9691,,medium,96.41,iOS,Cox,34,1
9705,Male,low,87.32,Android,Cox,71,1
9710,Female,low,,Android,Cox,,1
9724,,medium,106.36,iOS,Cox,60,1
9737,Female,low,98.19,iOS,,46,1
9744,Female,low,,Android,Cox,69,1
9747,Female,medium,112.4,iOS,Xfinity,41,1
9772,Female,low,84.74,Android,Cox,58,1
9774,Female,medium,,iOS,Xfinity,70,1
9793,Female,low,91.07,Android,Cox,57,1
9801,Female,medium,96.91,iOS,Cox,45,1
9810,,,102.03,iOS,Cox,63,1
9817,Male,low,73.37,Android,Xfinity,46,1
9828,Female,low,83.55,Android,HughesNet,35,1
9838,,,76.24,Android,,69,1
9848,Female,,122.04,iOS,Cox,28,1
9854,Male,low,72.96,Android,AT&T,61,1
9856,Female,low,105,,Cox,45,1
9865,,,88.86,Android,Xfinity,,1
9866,Female,low,93.7,Android,Cox,69,1
9874,Female,medium,116.02,iOS,Xfinity,70,1
9886,Female,medium,112.69,iOS,Xfinity,70,1
9887,Male,low,91.06,,Xfinity,47,1
9891,,low,83.2,Android,Cox,63,1
9896,Male,low,92.91,Android,Cox,69,1
9914,,medium,91.56,iOS,Cox,67,1
9920,Female,,109.11,iOS,Xfinity,53,1
9930,Female,,105.07,iOS,Xfinity,58,1
9941,Female,low,101.93,iOS,Cox,61,1
9954,,low,86.64,Android,Cox,66,1
9956,Female,low,,Android,,72,0
9970,,low,83.97,Android,Xfinity,64,1
9979,Male,low,84.48,,Cox,60,1
9984,,low,82.94,,Cox,72,1
9987,,low,76.93,,,,1
9989,Male,,,Android,Cox,47,1
9995,Female,medium,120.76,iOS,,45,1
9997,Male,low,83.42,,Xfinity,,1